資料夾,代碼,名稱,名字,評論,日期,,,,,,,,,,,,,,,,,,,,
INFOCOM 2019,08737541,Detecting Anomaly in Large-scale Network using Mobile Crowdsourcing (大咪,陳文強,FIRST大咪,10/2,,,,,,,,,,,,,,,,,,,,
GLOBECOM 2018,08647183,Improving IoT Communications Based on Smart Routing Algorithms (小咪,陳文強,Routing Algorithms太多人做過，除非有重大貢獻 不然都盡量別報,9/16,,,,,,,,,,,,,,,,,,,,
ICC 2018,08422101,An Optimized and Secure Authentication Scheme for Vehicular Ad Hoc Networks(小咪,陳文強,勉強可行，要著重在通訊方面(ex:延遲)，資安的部份不是很重要,9/23,,,,,,,,,,,,,,,,,,,,
IEEE Communications Magazine 2017,08121868,Securing Internet of Things with Software Defined Networking(小咪,陳文強,SDN在IOT資安的應用，普遍問題 延遲,9/30,,,,,,,,,,,,,,,,,,,,
ICC 2019,08761785,Multi-Layer-Mesh: A Novel Topology and SDN-Based Path Switching for Big Data Cluster Networks(小咪,陳文強,就是在解決以前雲端分散式系統的問題，老調重彈,10/7,,,,,,,,,,,,,,,,,,,,
ICC 2019,08761992,Long-Range Flicker-Free LED-to-Camera Communication using Differential Color Shift Keying(小咪,陳文強,過於底層，比較像在弄硬體,10/21,,,,,,,,,,,,,,,,,,,,
ICC 2016,07510994,Fast authentication in 5G HetNet through SDN enabled weighted secure-context-information transfer(大咪,陳文強,做的東西太多，沒一個專精,10/30,,,,,,,,,,,,,,,,,,,,
ICC 2019,08761370,Preserving Location Privacy in Mobile Edge Computing(小咪,陳文強,security 相關的paper  老師沒興趣,10/14,,,,,,,,,,,,,,,,,,,,
IWCMC 2018,08450365,Impact of hidden nodes on uplink transmission in IEEE 802.11ax heterogeneous network(小咪,陳文強,新架構 可以去找最新的草案來看,11/11,,,,,,,,,,,,,,,,,,,,
ICNC 2019,08685578,Location Information-Aided Load Balancing Design for Hybrid LiFi and WiFi Networks(小咪,陳文強,可以嘗試多個接入點的問題,10/28,,,,,,,,,,,,,,,,,,,,
SPAWA 2017,08227704,Access point assignment in hybrid LiFi and WiFi networks in consideration of LiFi channel blockage(小咪,陳文強,文章有點舊,11/4,,,,,,,,,,,,,,,,,,,,
SECON 2019,08824827,G-Fall: Device-free and Training-free Fall Detection with Geophones(小咪,陳文強,用來偵測跌倒，但意外檢測如果不能做到98%以上都不太好，但又很難弄到高準確度,12/23,,,,,,,,,,,,,,,,,,,,
INFOCOM 2019,08737555,Simultaneous Bi-directional Communications and Data Forwarding using a Single ZigBee Data Stream(小咪,陳文強,過於底層，但這篇很猛,12/2、12/9,,,,,,,,,,,,,,,,,,,,
COMSNETS 2018,08328255,Wi-cache: Towards an SDN based distributed content caching system in WLAN(小咪,陳文強,概念OK，但可能很多人做過類似的，要多看別人的方法,12/16,,,,,,,,,,,,,,,,,,,,
WCNC 2019,08886037,Pedestrian Detection for Autonomous Driving within Cooperative Communication System(小咪,陳文強,很廢,11/16,,,,,,,,,,,,,,,,,,,,
ACM MobiSys 2019,3326085,Detecting Misplaced RFID Tags on Static Shelved Items(大咪,陳文強,有想到合適的場景可以做，不然RFID室內定位快被做爛了,12/11,,,,,,,,,,,,,,,,,,,,
SECON 2019,08824808,Trans-Sense: Real Time Transportation Schedule Estimation Using Smart Phones,陳文強,方法都是舊方法,1/6,,,,,,,,,,,,,,,,,,,,
COMSNETS 2019,08711429,E-healthcare delivery solution,陳文強,專題程度，就是..恩..很爛,12/23,,,,,,,,,,,,,,,,,,,,
ICC 2018,08422193,Storage-Latency Trade-Off in Cache-Aided Fog Radio Access Networks,陳文強,如果有興趣可以往這方面研究,1/13,,,,,,,,,,,,,,,,,,,,
ICC 2018,08422107,Indoor Human Activity Recognition Based on Ambient Radar with Signal Processing and Machine Learning,陳文強,用傳感器收集動作 用機器學習來判斷動作  場景OK 能作 不要刻意使用機器學習,2/10,,,,,,,,,,,,,,,,,,,,
INFOCOM 2019,08737513,Brush like a Dentist: Accurate Monitoring of Toothbrushing via Wrist-Worn Gesture Sensing,陳文強,用傳感器收集動作 用機器學習來判斷動作  場景OK 能作 不要刻意使用機器學習(複製貼上),2/12,,,,,,,,,,,,,,,,,,,,
:2018 IEEE 11th Conference on Service-Oriented Computing and Applications (SOCA),08801861,Proactive Content Caching Strategy with Router Reassignment in Content Centric Networks Based SDN,陳文強,17被跳過，24沿用，依樣普通 沒什麼好講,2/17,,,,,,,,,,,,,,,,,,,,
IEEE Transactions on Mobile Computing,08462801,Cooperative Base Station Caching and X2 Link Traffic Offloading System for Video Streaming Over SDN-Enabled 5G Networks,陳文強,要去找SDN和CCN的標準來看,2/24,,,,,,,,,,,,,,,,,,,,
GLOBECOM 2019,09014186,A Smart-Decision System for Realtime Mobile AR Applications,陳文強,可以再想 介於可以和不可以之間,3/19,,,,,,,,,,,,,,,,,,,,
GLOBECOM 2019,09013301,RFID-based Driving Fatigue Detection,陳文強,318 COMMING SOON，普通,3/18,,,,,,,,,,,,,,,,,,,,
INFOCOM 2019,08737605,PassiveRETRO: Enabling Completely Passive Visible Light Localization for IoT Applications,陳文強,https://ieeexplore.ieee.org/document/8485817 反射的概念很好 可以想應用的場景,4/16,,,,,,,,,,,,,,,,,,,,
ICNC 2020,09049692,Predictive Caching for AR/VR Experiences in a Household Scenario,陳文強,cache for AR/VR 在 iot 環境，能有實做會比較好，空談難做結論,4/9,,,,,,,,,,,,,,,,,,,,
GLOBECOM 2019,09013263,Improving Temperature Control in Smart Buildings Based in IoT Network Slicing Technique,陳文強,G_G,5/14,,,,,,,,,,,,,,,,,,,,
INFOCOM 2019,08737569,iLPS: Local Positioning System with Simultaneous Localization and Wireless Communication,陳文強,太底層,5/13,,,,,,,,,,,,,,,,,,,,
INFOCOM 2019,08737396,Camul: Online Caching on Multiple Caches with Relaying and Bypassing,陳文強,discard,,,,,,,,,,,,,,,,,,,,,
GLOBECOM 2019,09013801,ZeeFi: Zero-Effort Floor Identification with Deep Learning for Indoor Localization,陳文強,有加入氣壓計來做室內定位，但特色不足 大多還是沿用以前的方式在加以改良  EXTRA: 觸覺互聯網(虛擬車間),4/23,,,,,,,,,,,,,,,,,,,,
 IEEE Transactions on Mobile Computing,07283632,iCrowd: Near-Optimal Task Allocation for Piggyback Crowdsensing,陳文強,god,,,,,,,,,,,,,,,,,,,,,
INFOCOM 2018,08486266,Smart-U: Smart Utensils Know what You Eat,陳文強,一年前 jimmy 報過,4/30,,,,,,,,,,,,,,,,,,,,
,,,,,,,,,,,,,,,,,,,,,,,,,
GLOBECOM 2018,08422096,EyeLight: Light-and-shadow-based Occupancy Estimation and Room Activity Recognition (小咪),吳思佩,目前很多做這種的可以多參考看看,9/19、23,,,,,,,,,,,,,,,,,,,,
GLOBECOM 2018,08647177,LOCATE: A LoRa-based mobile emergency management system(小咪),吳思佩,,9/30,,,,,,,,,,,,,,,,,,,,
GLOBECOM 2018,08647871,Non-Obtrusive Detection of Concealed Metallic Objects Using Commodity WiFi Radios(小咪),吳思佩,好像做得太不好了,10/7,,,,,,,,,,,,,,,,,,,,
GLOBECOM 2018,08647925,Toward a Smooth Vehicular Traffic at Round Road-Intersections(小咪),吳思佩,沒有甚麼參考價值,10/14,,,,,,,,,,,,,,,,,,,,
GLOBECOM 2018,08648036,Efficient and Privacy-preserving Roadmap Data Update for Autonomous Vehicles(小咪),吳思佩,可以跟上一篇報隱私的人一起討論，目前隱私的部分也是可以考量,10/21,,,,,,,,,,,,,,,,,,,,
ICC 2018,08422175,Murmuration Inspired Clustering Protocol for Underwater Wireless Sensor Networks (小咪),吳思佩,不建議做水下的無線通訊，因為這個已經不流行了,10/28,,,,,,,,,,,,,,,,,,,,
WF-IOT 2019,08767276,Integration of human actors in IoT and CPS Landscape (小咪),吳思佩,範圍太大了，不要浪費時間看這種,11/4,,,,,,,,,,,,,,,,,,,,
ICC2019,08761758,SmartWriting: Pen-holding Gesture Recognition with Smartwatch,吳思佩,讀論文時要想有沒有用，不要只是套上machine learnig，若有興趣再來做,11/11,,,,,,,,,,,,,,,,,,,,
GLOBECOM 2018,08647762,All Your Alexa Are Belong to Us: A Remote Voice Control Attack against Echo,吳思佩,老師說很有趣，從來沒想過，但可以用在哪邊還要想一想,11/18,,,,,,,,,,,,,,,,,,,,
ICC 2018,08422970,Real-Time Human Objects Tracking for Smart Surveillance at the Edge,吳思佩,舊的技術看看就好,12/2,,,,,,,,,,,,,,,,,,,,
 INFOCOM WKSHPS 2019,08845115,Sleep Stage Classification Using Bidirectional LSTM in Wearable Multi-sensor Systems,吳思佩,sensor應該不用用到背心，是比較實驗性的paper,12/9,,,,,,,,,,,,,,,,,,,,
 INFOCOM WKSHPS 2019,08845319,PayFlow: Micropayments for Bandwidth Reservations in Software Defined Networks,吳思佩,看是否能把競爭的機制和SDN結合，目前不知道有沒有人做,12/16,,,,,,,,,,,,,,,,,,,,
 INFOCOM WKSHPS 2019,08845162,"Crowd-sensing Images to Understand Citizens’ Emotions, Issues and Interests
",吳思佩,就是在做爬蟲，範圍有點太大了，很難做出來,12/23,,,,,,,,,,,,,,,,,,,,
ICC 2018,08422624,On Virtual Emotion Barrier in Internet of Things,吳思佩,用無線信號感測人的情緒可以看看，但沒有evaluation無法確定他的演算法到底好不好，怪怪的,12/30,,,,,,,,,,,,,,,,,,,,
GLOBECOM 2018,08648047,Collaborative Data Delivery for Smart City-Oriented Mobile Crowdsensing Systems,吳思佩,忘了,1/6,,,,,,,,,,,,,,,,,,,,
GLOBECOM 2018,08648064,Game-Based Adaptive Remote Access VPN for IoT: Application to e-Health,吳思佩,沒有特別一定要用遊戲競爭的方式，所以看看就好,"2020/1/13,2/11",,,,,,,,,,,,,,,,,,,,
 INFOCOM WKSHPS 2018,08406879,MotionHacker: Motion sensor based eavesdropping on handwriting via smartwatch,吳思佩,其實不是駭客，但可以想想在紙上的作用,2/17,,,,,,,,,,,,,,,,,,,,
GLOBECOM 2018,08648012,A Novel IoT-Based Architecture for Self-Adaptive Aerodynamic Flow Control System for Motorcycle,吳思佩,這個範圍比較屬於航空的，現有的已經做得很好了，看看就好,2/25,,,,,,,,,,,,,,,,,,,,
ICC 2019,08762032,Your WiFi Knows You Fall: A Channel Data-Driven Device-free Fall Sensing System,吳思佩,目前不建議做這個，老師剛進來1-2年就有學生用無線感測器去做動作識別了,3/11,,,,,,,,,,,,,,,,,,,,
INCOCOM 2018,08485939,SecTap: Secure Back of Device Input System for Mobile Devices ,吳思佩,,,,,,,,,,,,,,,,,,,,,,
GLOBECOM 2019,9014250,WatchOUT: A Practical Secure Pedestrian Warning System Based on Smartphones,吳思佩,行人走路時不應該用手機。用手機感測東西並做出警告或判斷；盲人偵測跌倒,4/8,,,,,,,,,,,,,,,,,,,,
ICC2019,08761574,"CARaM: COORDINATED ADAPTIVE REPLICA MANAGEMENT FOR CHARGING STATION
",吳思佩,爛論文,4/15,,,,,,,,,,,,,,,,,,,,
ICC 2019,08761749,A Probabilistic Neural Network-Based Road Side Unit Prediction Scheme for Autonomous Driving,吳思佩,不知道為甚麼要知道AR，之後要講清楚一點,4/22,,,,,,,,,,,,,,,,,,,,
GLOBECOM 2019,09014104,An Efficient Freeway Driving Assistance Protocol in Vehicular Networks,吳思佩,可以參考上坡然後甚麼時候插入車子比較好的範例，多做點survey,5/6,,,,,,,,,,,,,,,,,,,,
GLOBECOM 2019,09013491,Assessing the Integrity of Traffic Data Through Short Term State Prediction,吳思佩,論文看只是第一步，要有自己的想法,5/14,,,,,,,,,,,,,,,,,,,,
ICVES 2019,08906451,Incremental Recommendation System for Large-scale Taxi Fleet in Smart Cities,吳思佩,這是可想而知的作法，應該有其他人做過,5/27,,,,,,,,,,,,,,,,,,,,
GLOBECOM 2018,08647653,Drive Safe Inspector: A Wearable-Based Fine-Grained Technique for Driver Hand Position Detection,吳思佩,,6/3大咪,,,,,,,,,,,,,,,,,,,,
GLOBECOM 2019,09013378,Optimal Control Strategy Design with Minimum Energy Consumption for Connected Vehicle Systems,吳思佩,,,,,,,,,,,,,,,,,,,,,,
GLOBECOM 2019,09014331,Towards Understanding of Bus Mobility for Intelligent Vehicular Networks using Real-World Data,吳思佩,,,,,,,,,,,,,,,,,,,,,,
GLOBECOM 2019,9014061,An Ensemble Model for Short-Term Traffic Prediction in Smart City Transportation System ,吳思佩,不建議做流量預測，要做要做通訊的部分,5/20,,,,,,,,,,,,,,,,,,,,
ICC 2018,8422229,Move with Me: Scalably Keeping Virtual Objects Close to Users on the Move,吳思佩,,,,,,,,,,,,,,,,,,,,,,
ICC 2019,08761370,Preserving Location Privacy in Mobile Edge Computing,吳思佩,,,,,,,,,,,,,,,,,,,,,,
ICC 2019,08761423,Markov Decision-based Recommender System for Sleep Apnea Patients,吳思佩,,,,,,,,,,,,,,,,,,,,,,
IEEE Internet of Things Journal ,08449080,A Distributed IoT Infrastructure to Test and Deploy Real-Time Demand Response in Smart Grids,吳思佩,,,,,,,,,,,,,,,,,,,,,,
WCNC 2019,08885921,A Novel Travel-Delay Aware Short-Term Vehicular Traffic Flow Prediction Scheme for VANET,吳思佩,,,,,,,,,,,,,,,,,,,,,,
INFCOME 2019,08737633,WristSpy: Snooping Passcodes in Mobile Payment Using Wrist-worn Wearables(大咪),吳思佩,滿有趣的，FaceID/ 密碼學,4/15,,,,,,,,,,,,,,,,,,,,
ICC2019,08761992,Long-Range Flicker-Free LED-to-Camera Communication using Differential Color Shift Keying(大咪),吳思佩,技術在自己回去看清楚,2019/11/27,,,,,,,,,,,,,,,,,,,,
ICC 2019,08761504,Trust-Based DoS Mitigation Technique for Medical Implants in Wireless Body Area Networks(大咪),吳思佩,data rate的部分怪怪的，還可以,12/25,,,,,,,,,,,,,,,,,,,,
ICC 2019,08761621,A Zero Site-Survey Overhead Indoor Tracking System using Particle Filter(大咪),吳思佩,前面是比較舊的技術，後面結合的部分會比較有趣，可以跟學姊的計程車crowdsourcing結合,3/4,,,,,,,,,,,,,,,,,,,,
ICC 2018,08422104,Sentiment Analysis of Emoji-based Reactions on Marijuana-Related Topical Posts on Facebook,汝,沒有技術成分，單純是從留言去分析用戶對文章的情緒，專注在語句分析而已,9/30,,,,,,,,,,,,,,,,,,,,
ITSC,08317674,Time-to-lane-change prediction with deep learning,汝,預測駕駛幾秒後轉彎行為很有趣，但訓練結果只能預測換道前2秒，還是有點太慢,10/07,,,,,,,,,,,,,,,,,,,,
GLOBECOM 2018,08647222,A Context-Aware Privacy Scheme for Crisis Situations(大),汝,題材老師喜歡，方法可以更好，應用可以再想,10/09,,,,,,,,,,,,,,,,,,,,
 IEEE Internet of Things Journal,02871255,"Security in Vehicles With IoT by Prioritization Rules, Vehicle Certificates, and Trust Management",汝,將密碼學公私鑰的概念帶入V2V通訊，判斷惡意車輛，提升交叉路口整體車速。security老師沒興趣,10/14,,,,,,,,,,,,,,,,,,,,
GLOBECOM 2018,08647719,Achieving Personalized k-anonymity against Long-term Observation in Location-Based Services,汝,使用地圖服務時，當前定位位置可能被長期蒐集而暴露隱私，加入假位置混淆對手。這方面隱私的應用算是蠻有趣,10/21,,,,,,,,,,,,,,,,,,,,
ICC 2018,08422105,Who Am I? Personality Detection Based on Deep Learning for Texts,汝,深度學習的背景知識要充足點,10/28,,,,,,,,,,,,,,,,,,,,
 IEEE Communications Magazine,08255744,Community-Aware Data Propagation with Small World Feature for Internet of Vehicles,汝,將小世界引入IoV，車與手機連接加速傳輸速度。概念沒什麼特別的，雜誌盡量選專攻技術介紹的類型,11/4,,,,,,,,,,,,,,,,,,,,
ICC 2018,08422930,Exploiting Daily Trajectories for Efficient Routing in Vehicular Ad Hoc Networks(大),汝,重要的方法根本沒準備好,11/6,,,,,,,,,,,,,,,,,,,,
IEEE Vehicular Technology Magazine,08581405,FiWi-Enhanced Vehicular Edge Computing Networks: Collaborative Task Offloading,汝,沒有特別的技術跟想法，而且看magazine都不太妙,11/11,,,,,,,,,,,,,,,,,,,,
ICC 2019,08762069,Trust-Based Cooperative Game Model for Secure Collaboration in the Internet of Vehicles,汝,想法很有趣可以先記著，實施上可能還有段距離,11/19,,,,,,,,,,,,,,,,,,,,
ICC 2019,08761840,Cutting Down Idle Listening Time: A NDN-Enabled Power Saving Mode Design for WLAN,汝,NDN概念提出有一年多，但仍沒有完整規範，不知是否可行,12/2,,,,,,,,,,,,,,,,,,,,
ICC 2018,08422698,PhyCast: Towards Energy Efficient Packet Overhearing in WiFi Networks,汝,有點偏向底層技術了，這篇的概念應該是能實做出來的,12/9,,,,,,,,,,,,,,,,,,,,
ICC 2019,08761204,Intelligent Autonomous Elderly Patient Home Monitoring System,汝,有sensor利用熱能轉電能，可以知道一下，這篇有點偏電子學,12/16,,,,,,,,,,,,,,,,,,,,
ICC 2019,08761138,Decentralized Energy Storage System for EVs Charging and Discharging in Smart Cities Context(大),汝,電動車電池是最大問題，目前沒方法能解決，所以沒啥突破,12/18,,,,,,,,,,,,,,,,,,,,
GLOBECOM 2018,08647941,AQ-DP: A New Differential Privacy Scheme Based on Quasi-Identifier Classifying in Big Data,汝,背景大架構要先清楚，才能理解方法為什麼要這麼做,12/30,,,,,,,,,,,,,,,,,,,,
ICC 2018,08422321,A Connectivity Aware Transmission Quality Guaranteed Geographic Routing in Urban Internet of Vehicles,汝,是Map-based的車聯網routing，新的技術，但不建議走routing這方面，競爭者很多。方法中機率的部分要看懂一些,12/30,,,,,,,,,,,,,,,,,,,,
WCNC 2019,08885423,Efficient Electric Vehicles Assignment for Platoon-based Charging,汝,靠在旁邊無線充電過於天馬行空，不該是先解決後面的問題，應該先解決無線充電電量過低的問題,01/06,,,,,,,,,,,,,,,,,,,,
ICC 2019,08761824,Low Power TCP for Enhanced Battery Life in Mobile Devices,汝,概念偏一般，沒什麼特別的做法，方法都跟預料一樣，可想想把概念運用在其他地方,01/13,,,,,,,,,,,,,,,,,,,,
ICC 2019,08761286,LEARN Codes: Inventing Low-Latency Codes via Recurrent Neural Networks,汝,編碼算很底層，而且還是深度學習，background不足，想看懂要多花心思,02/11,,,,,,,,,,,,,,,,,,,,
ICC 2019,08761905,Cooperative Vehicle Tracking using Particle Filter Integrated with Interacting Multiple Models,汝,難易度適中，應該慢慢開始搞懂公式，可以解釋式子由來,2/18、2/25,,,,,,,,,,,,,,,,,,,,
INFOCOM 2019,08737466,HideMe: Privacy-Preserving Photo Sharing on Social Networks(大),汝,主題有趣，但改進不多，主要還是依靠現有辨識技術，辨識成功率沒做改善是現成，只是提方法加快辨識速度而已,02/26,,,,,,,,,,,,,,,,,,,,
ICC 2018,08422431,SafeDrive-Fi: A Multimodal and Device Free Dangerous Driving Recognition System Using WiFi,汝,場景設定在車上，又侷限特定動作太狹隘，而且老師討厭wifi辨識動作，準確度低，且技術舊,03/12,,,,,,,,,,,,,,,,,,,,
審,,EAGP: An Energy-Aware Gossip Protocol for Wireless Sensor Networks,汝,沒掌握好自己的優勢，最後performance做輸別人有點無言，做法有一些沒交代清楚，像是周圍節點電量如何得知,03/19,,,,,,,,,,,,,,,,,,,,
INFOCOM 2019,08737591,KeyListener: Inferring Keystrokes on QWERTY Keyboard of Touch Screen through Acoustic Signals (大),汝,距離實際應用場景還有距離，方法聽起來有架構，流程清楚合理，實驗結果呈現方式可以參考pic 10(a)，整體論文不錯,03/25,,,,,,,,,,,,,,,,,,,,
GLOBECOM 2019,09014293,Wearable eHealth System for Physical Rehabilitation: Ankle Plantar-Dorsi-Flexion Monitoring,汝,用光纖測角度聽起來可行且準度會非常高讚，可以當作其他應用中的sensor，但基本上我們不會做這個,04/09,,,,,,,,,,,,,,,,,,,,
ICVES 2018,08519600,A Novel V2X-based Pedestrian Collision Avoidance System and the Effects Analysis of Communication Delay and Packet Loss on Its application,汝,車子偵測行人的防撞系統，模擬還考慮延遲跟封包丟失。老說車聯網關於延遲、封包丟失，進而算出煞車安全距離，跟能容忍的確切延遲時間可以做，會稍微偏底層一點,04/16,,,,,,,,,,,,,,,,,,,,
ICC 2018,08422981,V2PSense: Enabling Cellular-Based V2P Collision Warning Service through Mobile Sensing,汝,可以思考V2P間傳送或計算的資料可以是什麼，這篇有GPS不準問題，但傳送行人步數可以想其他替代的可能，或者想更好的場景來兜出故事,04/23,Fusion of Perception and V2P Communication Systems for the Safety of Vulnerable Road Users,,,,,,,,,,,,,,,,,,,
GLOBECOM 2019,09013217,CrowdDelegate: An MCS-Based Approach for Improving Retail Labor Cost-Efficiency,汝,"概念將Crowdsensing除了幫忙感測外還能""做""這想法很新穎，但場景定義的太不合理，要做的話可能較適用於虛擬世界中",04/30,,,,,,,,,,,,,,,,,,,,
GLOBECOM 2019,09013821,CrowdSwitch: Crowdsensing Based Switch between Multiple Cellular Operators in Subways(大),汝,想法雖然有趣，但加速度推斷距離的方法基本上是不可行，本篇方法太過於簡單化了,05/20,,,,,,,,,,,,,,,,,,,,
 INFOCOM WKSHPS 2019,08845309,Wildfire Monitoring in Remote Areas using Autonomous Unmanned Aerial Vehicles,汝,方法有點太模糊，只設計大架構，實際做法若細說會更吸引人，可以實作出來更好,05/21,,,,,,,,,,,,,,,,,,,,
GLOBECOM 2019,09013758,UAV Deployment Strategy for Range-Based Space-Air Integrated Localization Network,汝,幫助定位出發點是好的，但用基因演算法做怪怪的，因為set cover問題最後都是均勻部最好(老師專長),05/28,,,,,,,,,,,,,,,,,,,,
ICSEE 2018,08646287,Real-time Pedestrian Traffic Light Detection,汝,影像辨識不是我們要做的,06/04,,,,,,,,,,,,,,,,,,,,
審,,Graph Neural Network-based Virtual Network Function Management,汝,整個方法合哩，ILP跟GNN的分工方式要更仔細點，實驗結果的圖太少張且缺乏比較圖,06/18,,,,,,,,,,,,,,,,,,,,
VTC 2020-Spring,09128855,A Scheme on Pedestrian Detection using Multi-Sensor Data Fusion for Smart Roads(大),汝,用到的感測技術都是可以想像沒有較新的想法，這篇偏向實做型，要去找看這些sensor是否已經是最好的方式，有沒有更新更準且不受環境影響的行人偵測感測器。演算法呈現方式可以參考,07/08,,,,,,,,,,,,,,,,,,,,
MT-ITS 2017,08005737,Using intelligent transportation systems to enhance pedestrian safety at Beirut signalized intersection,汝,提出3點: 安裝小綠人、小綠人+倒數、自動行人偵測，這篇有點像是問題整理，解說衝突發生的情況跟場景,07/09,,,,,,,,,,,,,,,,,,,,
GLOBECOM 2019,09014170,A Queueing Analysis of the Opportunistic Vehicle-to-Vehicle Communication,汝,這V2V通訊網路不是我要做的!,07/16,,,,,,,,,,,,,,,,,,,,
ITST 2018,08566704,Cooperation of V2I/P2I Communication and Roadside Radar Perception for the Safety of Vulnerable Road Users,,"使用V2I/P2I 幫助""雷達""(Doppler)識別被建築物阻擋的車輛和行人(照片+雷達+SVM 辨識人/車)",,,,,,,,,,,,,,,,,,,,,
WCSP 2017,08171180,BLE-horn: A smartphone-based bluetooth low energy vehicle-to-pedestrian safety system,,"行人碰撞警告APP用低功耗藍牙來實現""雙向""多對多通信",,,,,,,,,,,,,,,,,,,,,
ICAICA 2019,08873518,Traffic Light Control System for Four-Way Intersection and T-Crossing Using Fuzzy Logic,汝,模糊邏輯控制紅綠燈的綠燈秒數,07/23,,,,,,,,,,,,,,,,,,,,
ICoIAS 2018,08494031,Real-Time Pedestrian Detection for Autonomous Driving,汝,,,,,,,,,,,,,,,,,,,,,,
MOBICOM 2019,2980100,Performance and Channel Load Evaluation for Contextual Pedestrian-to-Vehicle Transmissions(大?),汝,,,https://dl.acm.org/doi/abs/10.1145/2980100.2980103,,,,,,,,,,,,,,,,,,,
RadarConf 2017,07944304,Human detection by Neural Networks using a low-cost short-range Doppler radar sensor(大?),汝,,,09128855的Reference,,,,,,,,,,,,,,,,,,,
VCIP 2019,08965786,Improving Small-Scale Pedestrian Detection Using Informed Context,汝,,,,,,,,,,,,,,,,,,,,,,
ICC 2018,08422308,DePedo: Anti Periodic Negative-Step Movement Pedometer with Deep Convolutional Neural Networks,汝,,,,,,,,,,,,,,,,,,,,,,
ACP 2018,08595791,Visible Light Communication based Intelligent Traffic Light System: Designing and Implementation,汝,,,,,,,,,,,,,,,,,,,,,,
ICMA 2018,08484382,Fuzzy Inference Rule based Neural Traffic Light Controller,汝,,,,,,,,,,,,,,,,,,,,,,
International Symposium ELMAR 2019,08918675,Fuzzy Traffic Light Control Based on Phase Urgency,,,,,,,,,,,,,,,,,,,,,,,
RTEICT 2018,09012263,Adaptive Traffic Light Controller using FPGA,,,,,,,,,,,,,,,,,,,,,,,
ICDMW 2018,08637392,LiSense: Monitoring City Street Lighting during Night using Smartphone Sensors,方棋,簡單的作法,2/18,,,,,,,,,,,,,,,,,,,,
INFOCOM 2019,08737557,Crowd-Flow Graph Construction and Identification with Spatio-Temporal Signal Feature Fusion,方棋,沒有提到關於處理當多人同時傳輸時的挑戰,2/25,,,,,,,,,,,,,,,,,,,,
INFOCOM 2019,08737637,Detecting Vulnerable Android Inter-App Communication in Dynamically Loaded Code,方棋,很一般的做法，價值在於測試數據,3/11,,,,,,,,,,,,,,,,,,,,
INFOCOM 2019,08737440,Batch Reading Densely Arranged QR Codes,方棋,場景特定，偏向影像處理 看看就好,3/18,,,,,,,,,,,,,,,,,,,,
INFOCOM 2019,08737500,SADeepSense: Self-Attention Deep Learning Framework for Heterogeneous On-Device Sensors in Internet of Things Applications,方棋,實用的方法,3/25,,,,,,,,,,,,,,,,,,,,
INFOCOM 2019,08737475,Network Interdiction Using Adversarial Traffic Flows,方棋,傳統的題目,4/8,,,,,,,,,,,,,,,,,,,,
INFOCOM 2019,08737599,Tagsheet: Sleeping Posture Recognition with an Unobtrusive Passive Tag Matrix,方棋,學姊報過了,X,,,,,,,,,,,,,,,,,,,,
INFOCOM 2019,08737593,Strongly Secure and Ef?cient Range Queries in Cloud Databases under Multiple Keys,方棋,合理的做法，要做的話要偏向網路架構,4/15,,,,,,,,,,,,,,,,,,,,
MobiCom 2019,,SolarGest:UbiquitousandBattery-freeGesture RecognitionusingSolarCells(大咪),方棋,做法完整，可以參考他的論文編排方式，但是可實際應用場景需要再想想,4/22,,,,,,,,,,,,,,,,,,,,
CLOUDNET 2018,08549381,COFRD: A Code Offloading Framework for Rapid Deployment of Android Applications,方棋,有意義的題目，決策機制比較適合討論，或5G對雲端傳輸的影響,4/22,,,,,,,,,,,,,,,,,,,,
CCGRID 2020,08752866,Distributed Operator Placement for IoT Data Analytics Across Edge and Cloud Resources,方棋,感覺已經做得夠成熟，沒甚麼更好的想法,5/6,,,,,,,,,,,,,,,,,,,,
GLOBECOM 2019,09013750,Physical Activity Sensing via Stand-Alone WiFi Device,方棋,有趣，可以考慮用在不增加額外設備的狀態用WIFI探測,,,,,,,,,,,,,,,,,,,,,
BESC 2018,8697290,"WiFi Fingerprint Based, Indoor, Location-Driven Activities of Daily Living Recognition",方棋,方式傳統,,,,,,,,,,,,,,,,,,,,,
SECONW 2017,8011040,FreeDetector: Device-Free Occupancy Detection with Commodity WiFi,方棋,該考慮最少可以減少到只要幾個AP，以及實作的問題，這篇主要測量範圍是一條線,,,,,,,,,,,,,,,,,,,,,
INFOCOM 2019,8737553,Synthesizing Wider WiFi Bandwidth for Respiration Rate Monitoring in Dynamic Environments,方棋,,,,,,,,,,,,,,,,,,,,,,
JTEHM 2018,2791609,Passive Radar for Opportunistic Monitoring in E-Health Applications,方棋,,,,,,,,,,,,,,,,,,,,,,
GLOBECOM 2019,09013155,Estimating Crowd Distribution using Smart Bulbs(來自學姊,方棋,,,,,,,,,,,,,,,,,,,,,,
,,AutiLife: A Healthcare Monitoring System for Autism Center in 5G Cellular Network using Machine Learning Approach,方棋,,,,,,,,,,,,,,,,,,,,,,
,,ViNav: A Vision-Based Indoor Navigation System for Smartphones,方棋,,,,,,,,,,,,,,,,,,,,,,
,,,,,,,,,,,,,,,,,,,,,,,,,
GLOBECOM 2018,08647186,SIGN: War-Driving Free Indoor Navigation Using Coded Visual Tags,子檸,IDEA有趣，可以在繼續想場景,10/22,,,,,,,,,,,,,,,,,,,,
ICC 2019,08761300,Misbehavior Detection using Machine Learning in Vehicular Communication Networks,子檸,這篇她先限定範圍了，建議可以把運算丟到RSU，其實認證機制如果完善，attack就會少,10/29,,,,,,,,,,,,,,,,,,,,
ICC 2019,08761092,A Cloud-Fog Based Architecture for IoT Applications Dedicated to Healthcare,子檸,這篇針對特定病情比較適合，講得太籠統,11/05,,,,,,,,,,,,,,,,,,,,
2019 EMBC,08856946,QRStream: A Secure and Convenient Method for Text Healthcare Data Transferring,子檸,場景爛,11/12,,,,,,,,,,,,,,,,,,,,
ICC 2019,08761734,Online Learning for Context-Aware Multi-User Package Delivery System with Unmanned Vehicles,子檸,,,,,,,,,,,,,,,,,,,,,,
GLOBECOM 2018,08647191,BlueMap: A Pervasive Bluetooth-Based Vehicle Trajectory Reconstruction System,子檸,沒有實作，用藍芽有點不符合現在車子的趨勢，車子速度太快，藍芽範圍小，難偵測,11/26,,,,,,,,,,,,,,,,,,,,
ICC 2018,08422981,V2PSense: Enabling Cellular-Based V2P Collision Warning Service through Mobile Sensing,子檸,GPS有誤差(範圍大)，RSSI可能不能看距離，一直量測RSSI會耗電,11/19,,,,,,,,,,,,,,,,,,,,
ICC 2018,08422980,Real-time Relative Lane and Position Identification of Surrounding Vehicles Using GPS and DSRC Based Vehicle-to-Vehicle Communication(大咪),子檸,針對GPS會有精度誤差的部分沒有多加說明，雖然有實作，但是最重要的GPS誤差卻沒做,12/4,,,,,,,,,,,,,,,,,,,,
GLOBECOM 2018,08647546,Deep Q-Network Based Route Scheduling for Transportation Network Company Vehicles,子檸,這篇不大實用，沒有太多改善，實驗也沒有和其他論文做比較，感覺不出來未來方向,2020/3/12,,,,,,,,,,,,,,,,,,,,
GLOBECOM 2018,08647495,Leveraging Cellular Intemet-of-Things for Resilient and Robust Disaster Management,子檸,沒有實作，只是提架構，沒有參考價值，頂多基層的觀念可以學習,12/3,,,,,,,,,,,,,,,,,,,,
 2015 12th Annual IEEE Consumer Communications and Networking Conference (CCNC),07158085,A web-based platform for scavenger hunt games using the Internet of Things,子檸,太淺層了,12/10,,,,,,,,,,,,,,,,,,,,
ICC 2019,08761068,Detecting Unsafe Use of a Four-Legged Walker using IoT and Deep Learning,子檸,場景太窄，可以聯想到偵測分析步態，cross entropy loss 和mathematical morphology 可以看看,12/17,,,,,,,,,,,,,,,,,,,,
ICC 2019,08761355,Power Conservation in Cloud-Assisted Real-Time Context Learning System,子檸,現在很多AIOT會結合edge computing和cloud computing做研究，需要先找出場景在找方法,12/31,,,,,,,,,,,,,,,,,,,,
ICC 2019,08761758,SmartWriting: Pen-Holding Gesture Recognition with Smartwatch,子檸,IDEA：在環境裝sensor去偵測人的行為,12/24,,,,,,,,,,,,,,,,,,,,
 INFOCOM WKSHPS 2019,08845256,EdgeDrive: Supporting Advanced Driver Assistance Systems using Mobile Edge Clouds Networks,子檸,IDEA：現有的物體辨識，想像盲人場景，及在路上會遇到的困難,2/25,,,,,,,,,,,,,,,,,,,,
 INFOCOM WKSHPS 2019,08845189,LoRa-based Localization System for Emergency Services in GPS-less Environments,子檸,,1/7,,,,,,,,,,,,,,,,,,,,
ICC 2019,08762081,Smart Walker for the Visually Impaired,子檸,老師覺得這篇實用性不大，還是有許多缺點，比起現在由盲人自己找尋方向,1/14,,,,,,,,,,,,,,,,,,,,
INFOCOM 2019,08737422,VoicePop: A Pop Noise based Anti-spoofing System for Voice Authentication on Smartphones,子檸,IDEA：用特徵開門(ex.走路步態或聲音...),2/5,,,,,,,,,,,,,,,,,,,,
INFOCOM 2019,08737470,D3-Guard: Acoustic-based Drowsy Driving Detection Using Smartphones,子檸,,5/6,,,,,,,,,,,,,,,,,,,,
INFOCOM 2019,08737410,Tweeting with Sunlight: Encoding Data on Mobile Objects,子檸,題目看起來很新奇，但內容的實用性有點低，此論文可以用其他方式代替會更好，還太粗糙的想法,3/11,,,,,,,,,,,,,,,,,,,,
GLOBECOM 2019,09013895,MiFi: Device-Free Wheat Mildew Detection Using Off-the-Shelf WiFi Devices,子檸,,,,,,,,,,,,,,,,,,,,,,
GLOBECOM 2019,09014226,WiPIN: Operation-Free Passive Person Identification Using Wi-Fi Signals,子檸,用wifi做爛了，wifi的太不准,4/9,,,,,,,,,,,,,,,,,,,,
GLOBECOM 2019,09013806,A Novel Technique for Gait Analysis Using Two Waist Mounted Gyroscopes,子檸,陀螺儀準確度不高，實驗數據太美好，有不實用的可能，可以考慮用直接的方式知道距離,4/16,,,,,,,,,,,,,,,,,,,,
GLOBECOM 2019,09014149,Preservation in Smart Libraries: An Experiment Involving IoT and Indoor Environmental Sensing,子檸,,,,,,,,,,,,,,,,,,,,,,
GLOBECOM 2019,09013812,On the Pedestrian Flow Analysis through Passive WiFi Sensing,子檸,,4/30,,,,,,,,,,,,,,,,,,,,
GLOBECOM 2019,09014233,Smart and Connected Scooter for People with Mobility Challenges,子檸,,4/23,,,,,,,,,,,,,,,,,,,,
GLOBECOM 2019,09014252,Push vs Pull Participant Recruitment System for Personalized Vehicular Crowdsensing,子檸,,,,,,,,,,,,,,,,,,,,,,
GLOBECOM 2019,09014065,Autonomous Vehicle Dispatching for Person Evacuation,子檸,,5/21,,,,,,,,,,,,,,,,,,,,
GLOBECOM 2019,09013155,Estimating Crowd Distribution Using Smart Bulbs,子檸,,,,,,,,,,,,,,,,,,,,,,
ICC 2019,08761261,Intelligent Content Sharing Based on Cooperative Crowdsensing,子檸,,,,,,,,,,,,,,,,,,,,,,
ICC 2019,08761164,Privacy-Aware Online Task Assignment Framework for Mobile Crowdsensing,子檸,,,,,,,,,,,,,,,,,,,,,,
GLOBECOM 2019,08648106,Non-contact Non-invasive Heart and Respiration Rates Monitoring with MIMO Radar Sensing(大咪,子檸,,9/25,,,,,,,,,,,,,,,,,,,,
ICC 2018,08422107,Indoor Human Activity Recognition Based on Ambient Radar with Signal Processing and Machine Learning(小咪,林子檸,,9/17,,,,,,,,,,,,,,,,,,,,
GLOBECOM 2018,08647334,Cloud-Assisted Real-Time Road Condition Monitoring System for Vehicles(小咪,林子檸,,9/24,,,,,,,,,,,,,,,,,,,,
ICC 2019,08761435,ICAuth: Implicit and Continuous Authentication When the Screen Is Awake(小咪),林子檸,主題新穎，思考能否做出比她更好精度，抑或是應用在生活方面,10/1,,,,,,,,,,,,,,,,,,,,
ICC 2018,08422973,WiParkFind: Finding Empty Parking Slots Using WiFi,林子檸,,10/8,,,,,,,,,,,,,,,,,,,,
ICC 2018,08761538,A Light-Weight Authentication Scheme for Air Force Internet of Things,林子檸,主題太偏，而且用physical layer驗證沒什麼用處,10/15,,,,,,,,,,,,,,,,,,,,
GLOBECOM 2018,08648009,iDriveSense: Dynamic Route Planning Involving Roads Quality Information,林子檸,Evaluating 太弱，可以考慮什麼是重要因素,10/16,,,,,,,,,,,,,,,,,,,,
,,,,,,,,,,,,,,,,,,,,,,,,,
,,,,,,,,,,,,,,,,,,,,,,,,,
給學弟妹,,,,,,,,,,,,,,,,,,,,,,,,,
GLOBECOM 2019,09013440,Disaster Management and Information Transmission Decision-Making in Public Safety Systems,,,,,,,,,,,,,,,,,,,,,,,
GLOBECOM 2019,09013313,Towards a Centralized Route Management Solution for Autonomous Vehicles,,,,,,,,,,,,,,,,,,,,,,,
GLOBECOM 2019,09013979,Learning-Based mmWave V2I Environment Augmentation through Tunable Reflectors,,,,,,,,,,,,,,,,,,,,,,,
GLOBECOM 2019,09013461,A QoS-Aware Cache Replacement Policy for Vehicular Named Data Networks,,,,,,,,,,,,,,,,,,,,,,,
GLOBECOM 2019,09013930,An Experimental Study Towards Attacker Identification in Automotive Networks,,,,,,,,,,,,,,,,,,,,,,,
ICC 2019,08761914,A Truthful Location-Protected Mobile Crowdsensing Framework with User Mobility,,,,,,,,,,,,,,,,,,,,,,,
INFOCOM 2019,08737594,Towards Privacy-preserving Incentive for Mobile Crowdsensing Under An Untrusted Platform,,,,,,,,,,,,,,,,,,,,,,,
,,,,,,,,,,,,,,,,,,,,,,,,,
SOCA 2018,08599586,ArPico: Using Pictures to Build Localization Service for Indoor IoT Applications,,,,,,,,,,,,,,,,,,,,,,,
INFOCOM 2019,08737396,Camul: Online Caching on Multiple Caches with Relaying and Bypassing,,,,,,,,,,,,,,,,,,,,,,,
SOCA 2019,08953031,DIMON: Distributed Monitoring System for Decentralized Edge Clouds in Guifi.net,,,,,,,,,,,,,,,,,,,,,,,
SOCA 2019,08953011,Software Architecture Design of Cloud Platforms in Automotive Domain: An Online Survey,,,,,,,,,,,,,,,,,,,,,,,
INFOCOM 2019,08737481,The Slice Is Served: Enforcing Radio Access Network Slicing in Virtualized 5G Systems,,,,,,,,,,,,,,,,,,,,,,,
INFOCOM 2019,08737557,Crowd-Flow Graph Construction and Identification with Spatio-Temporal Signal Feature Fusion,,,,,,,,,,,,,,,,,,,,,,,
INFOCOM 2019,08737571,Pricing for Revenue Maximization in IoT Data Markets: An Information Design Perspective,,,,,,,,,,,,,,,,,,,,,,,
INFOCOM 2018,08486281,CoDrive: Improving Automobile Positioning via Collaborative Driving,,,,,,,,,,,,,,,,,,,,,,,
,,,,,,,,,,,,,,,,,,,,,,,,,
,,,,,,,,,,,,,,,,,,,,,,,,,
,,,,,,,,,,,,,,,,,,,,,,,,,
,,,,,,,,,,,,,,,,,,,,,,,,,
,,,,,,,,,,,,,,,,,,,,,,,,,
,,,,,,,,,,,,,,,,,,,,,,,,,
,,,,,,,,,,,,,,,,,,,,,,,,,
,,,,,,,,,,,,,,,,,,,,,,,,,
,,,,,,,,,,,,,,,,,,,,,,,,,
,,,,,,,,,,,,,,,,,,,,,,,,,
,,,,,,,,,,,,,,,,,,,,,,,,,
,,,,,,,,,,,,,,,,,,,,,,,,,
,,,,,,,,,,,,,,,,,,,,,,,,,
,,,,,,,,,,,,,,,,,,,,,,,,,
,,,,,,,,,,,,,,,,,,,,,,,,,
,,,,,,,,,,,,,,,,,,,,,,,,,
,,,,,,,,,,,,,,,,,,,,,,,,,
,,,,,,,,,,,,,,,,,,,,,,,,,
,,,,,,,,,,,,,,,,,,,,,,,,,
,,,,,,,,,,,,,,,,,,,,,,,,,
,,,,,,,,,,,,,,,,,,,,,,,,,
,,,,,,,,,,,,,,,,,,,,,,,,,
,,,,,,,,,,,,,,,,,,,,,,,,,
,,,,,,,,,,,,,,,,,,,,,,,,,
,,,,,,,,,,,,,,,,,,,,,,,,,
,,,,,,,,,,,,,,,,,,,,,,,,,
,,,,,,,,,,,,,,,,,,,,,,,,,
,,,,,,,,,,,,,,,,,,,,,,,,,
,,,,,,,,,,,,,,,,,,,,,,,,,
,,,,,,,,,,,,,,,,,,,,,,,,,
,,,,,,,,,,,,,,,,,,,,,,,,,
,,,,,,,,,,,,,,,,,,,,,,,,,
,,,,,,,,,,,,,,,,,,,,,,,,,
,,,,,,,,,,,,,,,,,,,,,,,,,
,,,,,,,,,,,,,,,,,,,,,,,,,
,,,,,,,,,,,,,,,,,,,,,,,,,
,,,,,,,,,,,,,,,,,,,,,,,,,
,,,,,,,,,,,,,,,,,,,,,,,,,
,,,,,,,,,,,,,,,,,,,,,,,,,
,,,,,,,,,,,,,,,,,,,,,,,,,
,,,,,,,,,,,,,,,,,,,,,,,,,
,,,,,,,,,,,,,,,,,,,,,,,,,
,,,,,,,,,,,,,,,,,,,,,,,,,
,,,,,,,,,,,,,,,,,,,,,,,,,
,,,,,,,,,,,,,,,,,,,,,,,,,
,,,,,,,,,,,,,,,,,,,,,,,,,
,,,,,,,,,,,,,,,,,,,,,,,,,
,,,,,,,,,,,,,,,,,,,,,,,,,
,,,,,,,,,,,,,,,,,,,,,,,,,
,,,,,,,,,,,,,,,,,,,,,,,,,
,,,,,,,,,,,,,,,,,,,,,,,,,
,,,,,,,,,,,,,,,,,,,,,,,,,
,,,,,,,,,,,,,,,,,,,,,,,,,
,,,,,,,,,,,,,,,,,,,,,,,,,
,,,,,,,,,,,,,,,,,,,,,,,,,
,,,,,,,,,,,,,,,,,,,,,,,,,
,,,,,,,,,,,,,,,,,,,,,,,,,
,,,,,,,,,,,,,,,,,,,,,,,,,
,,,,,,,,,,,,,,,,,,,,,,,,,
,,,,,,,,,,,,,,,,,,,,,,,,,
,,,,,,,,,,,,,,,,,,,,,,,,,
,,,,,,,,,,,,,,,,,,,,,,,,,
,,,,,,,,,,,,,,,,,,,,,,,,,
,,,,,,,,,,,,,,,,,,,,,,,,,
,,,,,,,,,,,,,,,,,,,,,,,,,
,,,,,,,,,,,,,,,,,,,,,,,,,
,,,,,,,,,,,,,,,,,,,,,,,,,
,,,,,,,,,,,,,,,,,,,,,,,,,
,,,,,,,,,,,,,,,,,,,,,,,,,
,,,,,,,,,,,,,,,,,,,,,,,,,
,,,,,,,,,,,,,,,,,,,,,,,,,
,,,,,,,,,,,,,,,,,,,,,,,,,
,,,,,,,,,,,,,,,,,,,,,,,,,
,,,,,,,,,,,,,,,,,,,,,,,,,
,,,,,,,,,,,,,,,,,,,,,,,,,
,,,,,,,,,,,,,,,,,,,,,,,,,
,,,,,,,,,,,,,,,,,,,,,,,,,
,,,,,,,,,,,,,,,,,,,,,,,,,
,,,,,,,,,,,,,,,,,,,,,,,,,
,,,,,,,,,,,,,,,,,,,,,,,,,
,,,,,,,,,,,,,,,,,,,,,,,,,
,,,,,,,,,,,,,,,,,,,,,,,,,
,,,,,,,,,,,,,,,,,,,,,,,,,
,,,,,,,,,,,,,,,,,,,,,,,,,
,,,,,,,,,,,,,,,,,,,,,,,,,
,,,,,,,,,,,,,,,,,,,,,,,,,
,,,,,,,,,,,,,,,,,,,,,,,,,
,,,,,,,,,,,,,,,,,,,,,,,,,
,,,,,,,,,,,,,,,,,,,,,,,,,
,,,,,,,,,,,,,,,,,,,,,,,,,
,,,,,,,,,,,,,,,,,,,,,,,,,
,,,,,,,,,,,,,,,,,,,,,,,,,
,,,,,,,,,,,,,,,,,,,,,,,,,
,,,,,,,,,,,,,,,,,,,,,,,,,
,,,,,,,,,,,,,,,,,,,,,,,,,
,,,,,,,,,,,,,,,,,,,,,,,,,
,,,,,,,,,,,,,,,,,,,,,,,,,
,,,,,,,,,,,,,,,,,,,,,,,,,
,,,,,,,,,,,,,,,,,,,,,,,,,
,,,,,,,,,,,,,,,,,,,,,,,,,
,,,,,,,,,,,,,,,,,,,,,,,,,
,,,,,,,,,,,,,,,,,,,,,,,,,
,,,,,,,,,,,,,,,,,,,,,,,,,
,,,,,,,,,,,,,,,,,,,,,,,,,
,,,,,,,,,,,,,,,,,,,,,,,,,
,,,,,,,,,,,,,,,,,,,,,,,,,
,,,,,,,,,,,,,,,,,,,,,,,,,
,,,,,,,,,,,,,,,,,,,,,,,,,
,,,,,,,,,,,,,,,,,,,,,,,,,
,,,,,,,,,,,,,,,,,,,,,,,,,
,,,,,,,,,,,,,,,,,,,,,,,,,
,,,,,,,,,,,,,,,,,,,,,,,,,
,,,,,,,,,,,,,,,,,,,,,,,,,
,,,,,,,,,,,,,,,,,,,,,,,,,
,,,,,,,,,,,,,,,,,,,,,,,,,
,,,,,,,,,,,,,,,,,,,,,,,,,
,,,,,,,,,,,,,,,,,,,,,,,,,
,,,,,,,,,,,,,,,,,,,,,,,,,
,,,,,,,,,,,,,,,,,,,,,,,,,
,,,,,,,,,,,,,,,,,,,,,,,,,
,,,,,,,,,,,,,,,,,,,,,,,,,
,,,,,,,,,,,,,,,,,,,,,,,,,
,,,,,,,,,,,,,,,,,,,,,,,,,
,,,,,,,,,,,,,,,,,,,,,,,,,
,,,,,,,,,,,,,,,,,,,,,,,,,
,,,,,,,,,,,,,,,,,,,,,,,,,
,,,,,,,,,,,,,,,,,,,,,,,,,
,,,,,,,,,,,,,,,,,,,,,,,,,
,,,,,,,,,,,,,,,,,,,,,,,,,
,,,,,,,,,,,,,,,,,,,,,,,,,
,,,,,,,,,,,,,,,,,,,,,,,,,
,,,,,,,,,,,,,,,,,,,,,,,,,
,,,,,,,,,,,,,,,,,,,,,,,,,
,,,,,,,,,,,,,,,,,,,,,,,,,
,,,,,,,,,,,,,,,,,,,,,,,,,
,,,,,,,,,,,,,,,,,,,,,,,,,
,,,,,,,,,,,,,,,,,,,,,,,,,
,,,,,,,,,,,,,,,,,,,,,,,,,
,,,,,,,,,,,,,,,,,,,,,,,,,
,,,,,,,,,,,,,,,,,,,,,,,,,
,,,,,,,,,,,,,,,,,,,,,,,,,
,,,,,,,,,,,,,,,,,,,,,,,,,
,,,,,,,,,,,,,,,,,,,,,,,,,
,,,,,,,,,,,,,,,,,,,,,,,,,
,,,,,,,,,,,,,,,,,,,,,,,,,
,,,,,,,,,,,,,,,,,,,,,,,,,
,,,,,,,,,,,,,,,,,,,,,,,,,
,,,,,,,,,,,,,,,,,,,,,,,,,
,,,,,,,,,,,,,,,,,,,,,,,,,
,,,,,,,,,,,,,,,,,,,,,,,,,
,,,,,,,,,,,,,,,,,,,,,,,,,
,,,,,,,,,,,,,,,,,,,,,,,,,
,,,,,,,,,,,,,,,,,,,,,,,,,
,,,,,,,,,,,,,,,,,,,,,,,,,
,,,,,,,,,,,,,,,,,,,,,,,,,
,,,,,,,,,,,,,,,,,,,,,,,,,
,,,,,,,,,,,,,,,,,,,,,,,,,
,,,,,,,,,,,,,,,,,,,,,,,,,
,,,,,,,,,,,,,,,,,,,,,,,,,
,,,,,,,,,,,,,,,,,,,,,,,,,
,,,,,,,,,,,,,,,,,,,,,,,,,
,,,,,,,,,,,,,,,,,,,,,,,,,
,,,,,,,,,,,,,,,,,,,,,,,,,
,,,,,,,,,,,,,,,,,,,,,,,,,
,,,,,,,,,,,,,,,,,,,,,,,,,
,,,,,,,,,,,,,,,,,,,,,,,,,
,,,,,,,,,,,,,,,,,,,,,,,,,
,,,,,,,,,,,,,,,,,,,,,,,,,
,,,,,,,,,,,,,,,,,,,,,,,,,
,,,,,,,,,,,,,,,,,,,,,,,,,
,,,,,,,,,,,,,,,,,,,,,,,,,
,,,,,,,,,,,,,,,,,,,,,,,,,
,,,,,,,,,,,,,,,,,,,,,,,,,
,,,,,,,,,,,,,,,,,,,,,,,,,
,,,,,,,,,,,,,,,,,,,,,,,,,
,,,,,,,,,,,,,,,,,,,,,,,,,
,,,,,,,,,,,,,,,,,,,,,,,,,
,,,,,,,,,,,,,,,,,,,,,,,,,
,,,,,,,,,,,,,,,,,,,,,,,,,
,,,,,,,,,,,,,,,,,,,,,,,,,
,,,,,,,,,,,,,,,,,,,,,,,,,
,,,,,,,,,,,,,,,,,,,,,,,,,
,,,,,,,,,,,,,,,,,,,,,,,,,
,,,,,,,,,,,,,,,,,,,,,,,,,
,,,,,,,,,,,,,,,,,,,,,,,,,
,,,,,,,,,,,,,,,,,,,,,,,,,
,,,,,,,,,,,,,,,,,,,,,,,,,
,,,,,,,,,,,,,,,,,,,,,,,,,
,,,,,,,,,,,,,,,,,,,,,,,,,
,,,,,,,,,,,,,,,,,,,,,,,,,
,,,,,,,,,,,,,,,,,,,,,,,,,
,,,,,,,,,,,,,,,,,,,,,,,,,
,,,,,,,,,,,,,,,,,,,,,,,,,
,,,,,,,,,,,,,,,,,,,,,,,,,
,,,,,,,,,,,,,,,,,,,,,,,,,
,,,,,,,,,,,,,,,,,,,,,,,,,
,,,,,,,,,,,,,,,,,,,,,,,,,
,,,,,,,,,,,,,,,,,,,,,,,,,
,,,,,,,,,,,,,,,,,,,,,,,,,
,,,,,,,,,,,,,,,,,,,,,,,,,
,,,,,,,,,,,,,,,,,,,,,,,,,
,,,,,,,,,,,,,,,,,,,,,,,,,
,,,,,,,,,,,,,,,,,,,,,,,,,
,,,,,,,,,,,,,,,,,,,,,,,,,
,,,,,,,,,,,,,,,,,,,,,,,,,
,,,,,,,,,,,,,,,,,,,,,,,,,
,,,,,,,,,,,,,,,,,,,,,,,,,
,,,,,,,,,,,,,,,,,,,,,,,,,
,,,,,,,,,,,,,,,,,,,,,,,,,
,,,,,,,,,,,,,,,,,,,,,,,,,
,,,,,,,,,,,,,,,,,,,,,,,,,
,,,,,,,,,,,,,,,,,,,,,,,,,
,,,,,,,,,,,,,,,,,,,,,,,,,
,,,,,,,,,,,,,,,,,,,,,,,,,
,,,,,,,,,,,,,,,,,,,,,,,,,
,,,,,,,,,,,,,,,,,,,,,,,,,
,,,,,,,,,,,,,,,,,,,,,,,,,
,,,,,,,,,,,,,,,,,,,,,,,,,
,,,,,,,,,,,,,,,,,,,,,,,,,
,,,,,,,,,,,,,,,,,,,,,,,,,
,,,,,,,,,,,,,,,,,,,,,,,,,
,,,,,,,,,,,,,,,,,,,,,,,,,
,,,,,,,,,,,,,,,,,,,,,,,,,
,,,,,,,,,,,,,,,,,,,,,,,,,
,,,,,,,,,,,,,,,,,,,,,,,,,
,,,,,,,,,,,,,,,,,,,,,,,,,
,,,,,,,,,,,,,,,,,,,,,,,,,
,,,,,,,,,,,,,,,,,,,,,,,,,
,,,,,,,,,,,,,,,,,,,,,,,,,
,,,,,,,,,,,,,,,,,,,,,,,,,
,,,,,,,,,,,,,,,,,,,,,,,,,
,,,,,,,,,,,,,,,,,,,,,,,,,
,,,,,,,,,,,,,,,,,,,,,,,,,
,,,,,,,,,,,,,,,,,,,,,,,,,
,,,,,,,,,,,,,,,,,,,,,,,,,
,,,,,,,,,,,,,,,,,,,,,,,,,
,,,,,,,,,,,,,,,,,,,,,,,,,
,,,,,,,,,,,,,,,,,,,,,,,,,
,,,,,,,,,,,,,,,,,,,,,,,,,
,,,,,,,,,,,,,,,,,,,,,,,,,
,,,,,,,,,,,,,,,,,,,,,,,,,
,,,,,,,,,,,,,,,,,,,,,,,,,
,,,,,,,,,,,,,,,,,,,,,,,,,
,,,,,,,,,,,,,,,,,,,,,,,,,
,,,,,,,,,,,,,,,,,,,,,,,,,
,,,,,,,,,,,,,,,,,,,,,,,,,
,,,,,,,,,,,,,,,,,,,,,,,,,
,,,,,,,,,,,,,,,,,,,,,,,,,
,,,,,,,,,,,,,,,,,,,,,,,,,
,,,,,,,,,,,,,,,,,,,,,,,,,
,,,,,,,,,,,,,,,,,,,,,,,,,
,,,,,,,,,,,,,,,,,,,,,,,,,
,,,,,,,,,,,,,,,,,,,,,,,,,
,,,,,,,,,,,,,,,,,,,,,,,,,
,,,,,,,,,,,,,,,,,,,,,,,,,
,,,,,,,,,,,,,,,,,,,,,,,,,
,,,,,,,,,,,,,,,,,,,,,,,,,
,,,,,,,,,,,,,,,,,,,,,,,,,
,,,,,,,,,,,,,,,,,,,,,,,,,
,,,,,,,,,,,,,,,,,,,,,,,,,
,,,,,,,,,,,,,,,,,,,,,,,,,
,,,,,,,,,,,,,,,,,,,,,,,,,
,,,,,,,,,,,,,,,,,,,,,,,,,
,,,,,,,,,,,,,,,,,,,,,,,,,
,,,,,,,,,,,,,,,,,,,,,,,,,
,,,,,,,,,,,,,,,,,,,,,,,,,
,,,,,,,,,,,,,,,,,,,,,,,,,
,,,,,,,,,,,,,,,,,,,,,,,,,
,,,,,,,,,,,,,,,,,,,,,,,,,
,,,,,,,,,,,,,,,,,,,,,,,,,
,,,,,,,,,,,,,,,,,,,,,,,,,
,,,,,,,,,,,,,,,,,,,,,,,,,
,,,,,,,,,,,,,,,,,,,,,,,,,
,,,,,,,,,,,,,,,,,,,,,,,,,
,,,,,,,,,,,,,,,,,,,,,,,,,
,,,,,,,,,,,,,,,,,,,,,,,,,
,,,,,,,,,,,,,,,,,,,,,,,,,
,,,,,,,,,,,,,,,,,,,,,,,,,
,,,,,,,,,,,,,,,,,,,,,,,,,
,,,,,,,,,,,,,,,,,,,,,,,,,
,,,,,,,,,,,,,,,,,,,,,,,,,
,,,,,,,,,,,,,,,,,,,,,,,,,
,,,,,,,,,,,,,,,,,,,,,,,,,
,,,,,,,,,,,,,,,,,,,,,,,,,
,,,,,,,,,,,,,,,,,,,,,,,,,
,,,,,,,,,,,,,,,,,,,,,,,,,
,,,,,,,,,,,,,,,,,,,,,,,,,
,,,,,,,,,,,,,,,,,,,,,,,,,
,,,,,,,,,,,,,,,,,,,,,,,,,
,,,,,,,,,,,,,,,,,,,,,,,,,
,,,,,,,,,,,,,,,,,,,,,,,,,
,,,,,,,,,,,,,,,,,,,,,,,,,
,,,,,,,,,,,,,,,,,,,,,,,,,
,,,,,,,,,,,,,,,,,,,,,,,,,
,,,,,,,,,,,,,,,,,,,,,,,,,
,,,,,,,,,,,,,,,,,,,,,,,,,
,,,,,,,,,,,,,,,,,,,,,,,,,
,,,,,,,,,,,,,,,,,,,,,,,,,
,,,,,,,,,,,,,,,,,,,,,,,,,
,,,,,,,,,,,,,,,,,,,,,,,,,
,,,,,,,,,,,,,,,,,,,,,,,,,
,,,,,,,,,,,,,,,,,,,,,,,,,
,,,,,,,,,,,,,,,,,,,,,,,,,
,,,,,,,,,,,,,,,,,,,,,,,,,
,,,,,,,,,,,,,,,,,,,,,,,,,
,,,,,,,,,,,,,,,,,,,,,,,,,
,,,,,,,,,,,,,,,,,,,,,,,,,
,,,,,,,,,,,,,,,,,,,,,,,,,
,,,,,,,,,,,,,,,,,,,,,,,,,
,,,,,,,,,,,,,,,,,,,,,,,,,
,,,,,,,,,,,,,,,,,,,,,,,,,
,,,,,,,,,,,,,,,,,,,,,,,,,
,,,,,,,,,,,,,,,,,,,,,,,,,
,,,,,,,,,,,,,,,,,,,,,,,,,
,,,,,,,,,,,,,,,,,,,,,,,,,
,,,,,,,,,,,,,,,,,,,,,,,,,
,,,,,,,,,,,,,,,,,,,,,,,,,
,,,,,,,,,,,,,,,,,,,,,,,,,
,,,,,,,,,,,,,,,,,,,,,,,,,
,,,,,,,,,,,,,,,,,,,,,,,,,
,,,,,,,,,,,,,,,,,,,,,,,,,
,,,,,,,,,,,,,,,,,,,,,,,,,
,,,,,,,,,,,,,,,,,,,,,,,,,
,,,,,,,,,,,,,,,,,,,,,,,,,
,,,,,,,,,,,,,,,,,,,,,,,,,
,,,,,,,,,,,,,,,,,,,,,,,,,
,,,,,,,,,,,,,,,,,,,,,,,,,
,,,,,,,,,,,,,,,,,,,,,,,,,
,,,,,,,,,,,,,,,,,,,,,,,,,
,,,,,,,,,,,,,,,,,,,,,,,,,
,,,,,,,,,,,,,,,,,,,,,,,,,
,,,,,,,,,,,,,,,,,,,,,,,,,
,,,,,,,,,,,,,,,,,,,,,,,,,
,,,,,,,,,,,,,,,,,,,,,,,,,
,,,,,,,,,,,,,,,,,,,,,,,,,
,,,,,,,,,,,,,,,,,,,,,,,,,
,,,,,,,,,,,,,,,,,,,,,,,,,
,,,,,,,,,,,,,,,,,,,,,,,,,
,,,,,,,,,,,,,,,,,,,,,,,,,
,,,,,,,,,,,,,,,,,,,,,,,,,
,,,,,,,,,,,,,,,,,,,,,,,,,
,,,,,,,,,,,,,,,,,,,,,,,,,
,,,,,,,,,,,,,,,,,,,,,,,,,
,,,,,,,,,,,,,,,,,,,,,,,,,
,,,,,,,,,,,,,,,,,,,,,,,,,
,,,,,,,,,,,,,,,,,,,,,,,,,
,,,,,,,,,,,,,,,,,,,,,,,,,
,,,,,,,,,,,,,,,,,,,,,,,,,
,,,,,,,,,,,,,,,,,,,,,,,,,
,,,,,,,,,,,,,,,,,,,,,,,,,
,,,,,,,,,,,,,,,,,,,,,,,,,
,,,,,,,,,,,,,,,,,,,,,,,,,
,,,,,,,,,,,,,,,,,,,,,,,,,
,,,,,,,,,,,,,,,,,,,,,,,,,
,,,,,,,,,,,,,,,,,,,,,,,,,
,,,,,,,,,,,,,,,,,,,,,,,,,
,,,,,,,,,,,,,,,,,,,,,,,,,
,,,,,,,,,,,,,,,,,,,,,,,,,
,,,,,,,,,,,,,,,,,,,,,,,,,
,,,,,,,,,,,,,,,,,,,,,,,,,
,,,,,,,,,,,,,,,,,,,,,,,,,
,,,,,,,,,,,,,,,,,,,,,,,,,
,,,,,,,,,,,,,,,,,,,,,,,,,
,,,,,,,,,,,,,,,,,,,,,,,,,
,,,,,,,,,,,,,,,,,,,,,,,,,
,,,,,,,,,,,,,,,,,,,,,,,,,
,,,,,,,,,,,,,,,,,,,,,,,,,
,,,,,,,,,,,,,,,,,,,,,,,,,
,,,,,,,,,,,,,,,,,,,,,,,,,
,,,,,,,,,,,,,,,,,,,,,,,,,
,,,,,,,,,,,,,,,,,,,,,,,,,
,,,,,,,,,,,,,,,,,,,,,,,,,
,,,,,,,,,,,,,,,,,,,,,,,,,
,,,,,,,,,,,,,,,,,,,,,,,,,
,,,,,,,,,,,,,,,,,,,,,,,,,
,,,,,,,,,,,,,,,,,,,,,,,,,
,,,,,,,,,,,,,,,,,,,,,,,,,
,,,,,,,,,,,,,,,,,,,,,,,,,
,,,,,,,,,,,,,,,,,,,,,,,,,
,,,,,,,,,,,,,,,,,,,,,,,,,
,,,,,,,,,,,,,,,,,,,,,,,,,
,,,,,,,,,,,,,,,,,,,,,,,,,
,,,,,,,,,,,,,,,,,,,,,,,,,
,,,,,,,,,,,,,,,,,,,,,,,,,
,,,,,,,,,,,,,,,,,,,,,,,,,
,,,,,,,,,,,,,,,,,,,,,,,,,
,,,,,,,,,,,,,,,,,,,,,,,,,
,,,,,,,,,,,,,,,,,,,,,,,,,
,,,,,,,,,,,,,,,,,,,,,,,,,
,,,,,,,,,,,,,,,,,,,,,,,,,
,,,,,,,,,,,,,,,,,,,,,,,,,
,,,,,,,,,,,,,,,,,,,,,,,,,
,,,,,,,,,,,,,,,,,,,,,,,,,
,,,,,,,,,,,,,,,,,,,,,,,,,
,,,,,,,,,,,,,,,,,,,,,,,,,
,,,,,,,,,,,,,,,,,,,,,,,,,
,,,,,,,,,,,,,,,,,,,,,,,,,
,,,,,,,,,,,,,,,,,,,,,,,,,
,,,,,,,,,,,,,,,,,,,,,,,,,
,,,,,,,,,,,,,,,,,,,,,,,,,
,,,,,,,,,,,,,,,,,,,,,,,,,
,,,,,,,,,,,,,,,,,,,,,,,,,
,,,,,,,,,,,,,,,,,,,,,,,,,
,,,,,,,,,,,,,,,,,,,,,,,,,
,,,,,,,,,,,,,,,,,,,,,,,,,
,,,,,,,,,,,,,,,,,,,,,,,,,
,,,,,,,,,,,,,,,,,,,,,,,,,
,,,,,,,,,,,,,,,,,,,,,,,,,
,,,,,,,,,,,,,,,,,,,,,,,,,
,,,,,,,,,,,,,,,,,,,,,,,,,
,,,,,,,,,,,,,,,,,,,,,,,,,
,,,,,,,,,,,,,,,,,,,,,,,,,
,,,,,,,,,,,,,,,,,,,,,,,,,
,,,,,,,,,,,,,,,,,,,,,,,,,
,,,,,,,,,,,,,,,,,,,,,,,,,
,,,,,,,,,,,,,,,,,,,,,,,,,
,,,,,,,,,,,,,,,,,,,,,,,,,
,,,,,,,,,,,,,,,,,,,,,,,,,
,,,,,,,,,,,,,,,,,,,,,,,,,
,,,,,,,,,,,,,,,,,,,,,,,,,
,,,,,,,,,,,,,,,,,,,,,,,,,
,,,,,,,,,,,,,,,,,,,,,,,,,
,,,,,,,,,,,,,,,,,,,,,,,,,
,,,,,,,,,,,,,,,,,,,,,,,,,
,,,,,,,,,,,,,,,,,,,,,,,,,
,,,,,,,,,,,,,,,,,,,,,,,,,
,,,,,,,,,,,,,,,,,,,,,,,,,
,,,,,,,,,,,,,,,,,,,,,,,,,
,,,,,,,,,,,,,,,,,,,,,,,,,
,,,,,,,,,,,,,,,,,,,,,,,,,
,,,,,,,,,,,,,,,,,,,,,,,,,
,,,,,,,,,,,,,,,,,,,,,,,,,
,,,,,,,,,,,,,,,,,,,,,,,,,
,,,,,,,,,,,,,,,,,,,,,,,,,
,,,,,,,,,,,,,,,,,,,,,,,,,
,,,,,,,,,,,,,,,,,,,,,,,,,
,,,,,,,,,,,,,,,,,,,,,,,,,
,,,,,,,,,,,,,,,,,,,,,,,,,
,,,,,,,,,,,,,,,,,,,,,,,,,
,,,,,,,,,,,,,,,,,,,,,,,,,
,,,,,,,,,,,,,,,,,,,,,,,,,
,,,,,,,,,,,,,,,,,,,,,,,,,
,,,,,,,,,,,,,,,,,,,,,,,,,
,,,,,,,,,,,,,,,,,,,,,,,,,
,,,,,,,,,,,,,,,,,,,,,,,,,
,,,,,,,,,,,,,,,,,,,,,,,,,
,,,,,,,,,,,,,,,,,,,,,,,,,
,,,,,,,,,,,,,,,,,,,,,,,,,
,,,,,,,,,,,,,,,,,,,,,,,,,
,,,,,,,,,,,,,,,,,,,,,,,,,
,,,,,,,,,,,,,,,,,,,,,,,,,
,,,,,,,,,,,,,,,,,,,,,,,,,
,,,,,,,,,,,,,,,,,,,,,,,,,
,,,,,,,,,,,,,,,,,,,,,,,,,
,,,,,,,,,,,,,,,,,,,,,,,,,
,,,,,,,,,,,,,,,,,,,,,,,,,
,,,,,,,,,,,,,,,,,,,,,,,,,
,,,,,,,,,,,,,,,,,,,,,,,,,
,,,,,,,,,,,,,,,,,,,,,,,,,
,,,,,,,,,,,,,,,,,,,,,,,,,
,,,,,,,,,,,,,,,,,,,,,,,,,
,,,,,,,,,,,,,,,,,,,,,,,,,
,,,,,,,,,,,,,,,,,,,,,,,,,
,,,,,,,,,,,,,,,,,,,,,,,,,
,,,,,,,,,,,,,,,,,,,,,,,,,
,,,,,,,,,,,,,,,,,,,,,,,,,
,,,,,,,,,,,,,,,,,,,,,,,,,
,,,,,,,,,,,,,,,,,,,,,,,,,
,,,,,,,,,,,,,,,,,,,,,,,,,
,,,,,,,,,,,,,,,,,,,,,,,,,
,,,,,,,,,,,,,,,,,,,,,,,,,
,,,,,,,,,,,,,,,,,,,,,,,,,
,,,,,,,,,,,,,,,,,,,,,,,,,
,,,,,,,,,,,,,,,,,,,,,,,,,
,,,,,,,,,,,,,,,,,,,,,,,,,
,,,,,,,,,,,,,,,,,,,,,,,,,
,,,,,,,,,,,,,,,,,,,,,,,,,
,,,,,,,,,,,,,,,,,,,,,,,,,
,,,,,,,,,,,,,,,,,,,,,,,,,
,,,,,,,,,,,,,,,,,,,,,,,,,
,,,,,,,,,,,,,,,,,,,,,,,,,
,,,,,,,,,,,,,,,,,,,,,,,,,
,,,,,,,,,,,,,,,,,,,,,,,,,
,,,,,,,,,,,,,,,,,,,,,,,,,
,,,,,,,,,,,,,,,,,,,,,,,,,
,,,,,,,,,,,,,,,,,,,,,,,,,
,,,,,,,,,,,,,,,,,,,,,,,,,
,,,,,,,,,,,,,,,,,,,,,,,,,
,,,,,,,,,,,,,,,,,,,,,,,,,
,,,,,,,,,,,,,,,,,,,,,,,,,
,,,,,,,,,,,,,,,,,,,,,,,,,
,,,,,,,,,,,,,,,,,,,,,,,,,
,,,,,,,,,,,,,,,,,,,,,,,,,
,,,,,,,,,,,,,,,,,,,,,,,,,
,,,,,,,,,,,,,,,,,,,,,,,,,
,,,,,,,,,,,,,,,,,,,,,,,,,
,,,,,,,,,,,,,,,,,,,,,,,,,
,,,,,,,,,,,,,,,,,,,,,,,,,
,,,,,,,,,,,,,,,,,,,,,,,,,
,,,,,,,,,,,,,,,,,,,,,,,,,
,,,,,,,,,,,,,,,,,,,,,,,,,
,,,,,,,,,,,,,,,,,,,,,,,,,
,,,,,,,,,,,,,,,,,,,,,,,,,
,,,,,,,,,,,,,,,,,,,,,,,,,
,,,,,,,,,,,,,,,,,,,,,,,,,
,,,,,,,,,,,,,,,,,,,,,,,,,
,,,,,,,,,,,,,,,,,,,,,,,,,
,,,,,,,,,,,,,,,,,,,,,,,,,
,,,,,,,,,,,,,,,,,,,,,,,,,
,,,,,,,,,,,,,,,,,,,,,,,,,
,,,,,,,,,,,,,,,,,,,,,,,,,
,,,,,,,,,,,,,,,,,,,,,,,,,
,,,,,,,,,,,,,,,,,,,,,,,,,
,,,,,,,,,,,,,,,,,,,,,,,,,
,,,,,,,,,,,,,,,,,,,,,,,,,
,,,,,,,,,,,,,,,,,,,,,,,,,
,,,,,,,,,,,,,,,,,,,,,,,,,
,,,,,,,,,,,,,,,,,,,,,,,,,
,,,,,,,,,,,,,,,,,,,,,,,,,
,,,,,,,,,,,,,,,,,,,,,,,,,
,,,,,,,,,,,,,,,,,,,,,,,,,
,,,,,,,,,,,,,,,,,,,,,,,,,
,,,,,,,,,,,,,,,,,,,,,,,,,
,,,,,,,,,,,,,,,,,,,,,,,,,
,,,,,,,,,,,,,,,,,,,,,,,,,
,,,,,,,,,,,,,,,,,,,,,,,,,
,,,,,,,,,,,,,,,,,,,,,,,,,
,,,,,,,,,,,,,,,,,,,,,,,,,
,,,,,,,,,,,,,,,,,,,,,,,,,
,,,,,,,,,,,,,,,,,,,,,,,,,
,,,,,,,,,,,,,,,,,,,,,,,,,
,,,,,,,,,,,,,,,,,,,,,,,,,
,,,,,,,,,,,,,,,,,,,,,,,,,
,,,,,,,,,,,,,,,,,,,,,,,,,
,,,,,,,,,,,,,,,,,,,,,,,,,
,,,,,,,,,,,,,,,,,,,,,,,,,
,,,,,,,,,,,,,,,,,,,,,,,,,
,,,,,,,,,,,,,,,,,,,,,,,,,
,,,,,,,,,,,,,,,,,,,,,,,,,
,,,,,,,,,,,,,,,,,,,,,,,,,
,,,,,,,,,,,,,,,,,,,,,,,,,
,,,,,,,,,,,,,,,,,,,,,,,,,
,,,,,,,,,,,,,,,,,,,,,,,,,
,,,,,,,,,,,,,,,,,,,,,,,,,
,,,,,,,,,,,,,,,,,,,,,,,,,
,,,,,,,,,,,,,,,,,,,,,,,,,
,,,,,,,,,,,,,,,,,,,,,,,,,
,,,,,,,,,,,,,,,,,,,,,,,,,
,,,,,,,,,,,,,,,,,,,,,,,,,
,,,,,,,,,,,,,,,,,,,,,,,,,
,,,,,,,,,,,,,,,,,,,,,,,,,
,,,,,,,,,,,,,,,,,,,,,,,,,
,,,,,,,,,,,,,,,,,,,,,,,,,
,,,,,,,,,,,,,,,,,,,,,,,,,
,,,,,,,,,,,,,,,,,,,,,,,,,
,,,,,,,,,,,,,,,,,,,,,,,,,
,,,,,,,,,,,,,,,,,,,,,,,,,
,,,,,,,,,,,,,,,,,,,,,,,,,
,,,,,,,,,,,,,,,,,,,,,,,,,
,,,,,,,,,,,,,,,,,,,,,,,,,
,,,,,,,,,,,,,,,,,,,,,,,,,
,,,,,,,,,,,,,,,,,,,,,,,,,
,,,,,,,,,,,,,,,,,,,,,,,,,
,,,,,,,,,,,,,,,,,,,,,,,,,
,,,,,,,,,,,,,,,,,,,,,,,,,
,,,,,,,,,,,,,,,,,,,,,,,,,
,,,,,,,,,,,,,,,,,,,,,,,,,
,,,,,,,,,,,,,,,,,,,,,,,,,
,,,,,,,,,,,,,,,,,,,,,,,,,
,,,,,,,,,,,,,,,,,,,,,,,,,
,,,,,,,,,,,,,,,,,,,,,,,,,
,,,,,,,,,,,,,,,,,,,,,,,,,
,,,,,,,,,,,,,,,,,,,,,,,,,
,,,,,,,,,,,,,,,,,,,,,,,,,
,,,,,,,,,,,,,,,,,,,,,,,,,
,,,,,,,,,,,,,,,,,,,,,,,,,
,,,,,,,,,,,,,,,,,,,,,,,,,
,,,,,,,,,,,,,,,,,,,,,,,,,
,,,,,,,,,,,,,,,,,,,,,,,,,
,,,,,,,,,,,,,,,,,,,,,,,,,
,,,,,,,,,,,,,,,,,,,,,,,,,
,,,,,,,,,,,,,,,,,,,,,,,,,
,,,,,,,,,,,,,,,,,,,,,,,,,
,,,,,,,,,,,,,,,,,,,,,,,,,
,,,,,,,,,,,,,,,,,,,,,,,,,
,,,,,,,,,,,,,,,,,,,,,,,,,
,,,,,,,,,,,,,,,,,,,,,,,,,
,,,,,,,,,,,,,,,,,,,,,,,,,
,,,,,,,,,,,,,,,,,,,,,,,,,
,,,,,,,,,,,,,,,,,,,,,,,,,
,,,,,,,,,,,,,,,,,,,,,,,,,
,,,,,,,,,,,,,,,,,,,,,,,,,
,,,,,,,,,,,,,,,,,,,,,,,,,
,,,,,,,,,,,,,,,,,,,,,,,,,
,,,,,,,,,,,,,,,,,,,,,,,,,
,,,,,,,,,,,,,,,,,,,,,,,,,
,,,,,,,,,,,,,,,,,,,,,,,,,
,,,,,,,,,,,,,,,,,,,,,,,,,
,,,,,,,,,,,,,,,,,,,,,,,,,
,,,,,,,,,,,,,,,,,,,,,,,,,
,,,,,,,,,,,,,,,,,,,,,,,,,
,,,,,,,,,,,,,,,,,,,,,,,,,
,,,,,,,,,,,,,,,,,,,,,,,,,
,,,,,,,,,,,,,,,,,,,,,,,,,
,,,,,,,,,,,,,,,,,,,,,,,,,
,,,,,,,,,,,,,,,,,,,,,,,,,
,,,,,,,,,,,,,,,,,,,,,,,,,
,,,,,,,,,,,,,,,,,,,,,,,,,
,,,,,,,,,,,,,,,,,,,,,,,,,
,,,,,,,,,,,,,,,,,,,,,,,,,
,,,,,,,,,,,,,,,,,,,,,,,,,
,,,,,,,,,,,,,,,,,,,,,,,,,
,,,,,,,,,,,,,,,,,,,,,,,,,
,,,,,,,,,,,,,,,,,,,,,,,,,
,,,,,,,,,,,,,,,,,,,,,,,,,
,,,,,,,,,,,,,,,,,,,,,,,,,
,,,,,,,,,,,,,,,,,,,,,,,,,
,,,,,,,,,,,,,,,,,,,,,,,,,
,,,,,,,,,,,,,,,,,,,,,,,,,
,,,,,,,,,,,,,,,,,,,,,,,,,
,,,,,,,,,,,,,,,,,,,,,,,,,
,,,,,,,,,,,,,,,,,,,,,,,,,
,,,,,,,,,,,,,,,,,,,,,,,,,
,,,,,,,,,,,,,,,,,,,,,,,,,
,,,,,,,,,,,,,,,,,,,,,,,,,
,,,,,,,,,,,,,,,,,,,,,,,,,
,,,,,,,,,,,,,,,,,,,,,,,,,
,,,,,,,,,,,,,,,,,,,,,,,,,
,,,,,,,,,,,,,,,,,,,,,,,,,
,,,,,,,,,,,,,,,,,,,,,,,,,
,,,,,,,,,,,,,,,,,,,,,,,,,
,,,,,,,,,,,,,,,,,,,,,,,,,
,,,,,,,,,,,,,,,,,,,,,,,,,
,,,,,,,,,,,,,,,,,,,,,,,,,
,,,,,,,,,,,,,,,,,,,,,,,,,
,,,,,,,,,,,,,,,,,,,,,,,,,
,,,,,,,,,,,,,,,,,,,,,,,,,
,,,,,,,,,,,,,,,,,,,,,,,,,
,,,,,,,,,,,,,,,,,,,,,,,,,
,,,,,,,,,,,,,,,,,,,,,,,,,
,,,,,,,,,,,,,,,,,,,,,,,,,
,,,,,,,,,,,,,,,,,,,,,,,,,
,,,,,,,,,,,,,,,,,,,,,,,,,
,,,,,,,,,,,,,,,,,,,,,,,,,
,,,,,,,,,,,,,,,,,,,,,,,,,
,,,,,,,,,,,,,,,,,,,,,,,,,
,,,,,,,,,,,,,,,,,,,,,,,,,
,,,,,,,,,,,,,,,,,,,,,,,,,
,,,,,,,,,,,,,,,,,,,,,,,,,
,,,,,,,,,,,,,,,,,,,,,,,,,
,,,,,,,,,,,,,,,,,,,,,,,,,
,,,,,,,,,,,,,,,,,,,,,,,,,
,,,,,,,,,,,,,,,,,,,,,,,,,
,,,,,,,,,,,,,,,,,,,,,,,,,
,,,,,,,,,,,,,,,,,,,,,,,,,
,,,,,,,,,,,,,,,,,,,,,,,,,
,,,,,,,,,,,,,,,,,,,,,,,,,
,,,,,,,,,,,,,,,,,,,,,,,,,
,,,,,,,,,,,,,,,,,,,,,,,,,
,,,,,,,,,,,,,,,,,,,,,,,,,
,,,,,,,,,,,,,,,,,,,,,,,,,
,,,,,,,,,,,,,,,,,,,,,,,,,
,,,,,,,,,,,,,,,,,,,,,,,,,
,,,,,,,,,,,,,,,,,,,,,,,,,
,,,,,,,,,,,,,,,,,,,,,,,,,
,,,,,,,,,,,,,,,,,,,,,,,,,
,,,,,,,,,,,,,,,,,,,,,,,,,
,,,,,,,,,,,,,,,,,,,,,,,,,
,,,,,,,,,,,,,,,,,,,,,,,,,
,,,,,,,,,,,,,,,,,,,,,,,,,
,,,,,,,,,,,,,,,,,,,,,,,,,
,,,,,,,,,,,,,,,,,,,,,,,,,
,,,,,,,,,,,,,,,,,,,,,,,,,
,,,,,,,,,,,,,,,,,,,,,,,,,
,,,,,,,,,,,,,,,,,,,,,,,,,
,,,,,,,,,,,,,,,,,,,,,,,,,
,,,,,,,,,,,,,,,,,,,,,,,,,
,,,,,,,,,,,,,,,,,,,,,,,,,
,,,,,,,,,,,,,,,,,,,,,,,,,
,,,,,,,,,,,,,,,,,,,,,,,,,
,,,,,,,,,,,,,,,,,,,,,,,,,
,,,,,,,,,,,,,,,,,,,,,,,,,
,,,,,,,,,,,,,,,,,,,,,,,,,
,,,,,,,,,,,,,,,,,,,,,,,,,
,,,,,,,,,,,,,,,,,,,,,,,,,
,,,,,,,,,,,,,,,,,,,,,,,,,
,,,,,,,,,,,,,,,,,,,,,,,,,
,,,,,,,,,,,,,,,,,,,,,,,,,
,,,,,,,,,,,,,,,,,,,,,,,,,
,,,,,,,,,,,,,,,,,,,,,,,,,
,,,,,,,,,,,,,,,,,,,,,,,,,
,,,,,,,,,,,,,,,,,,,,,,,,,
,,,,,,,,,,,,,,,,,,,,,,,,,
,,,,,,,,,,,,,,,,,,,,,,,,,
,,,,,,,,,,,,,,,,,,,,,,,,,
,,,,,,,,,,,,,,,,,,,,,,,,,
,,,,,,,,,,,,,,,,,,,,,,,,,
,,,,,,,,,,,,,,,,,,,,,,,,,
,,,,,,,,,,,,,,,,,,,,,,,,,
,,,,,,,,,,,,,,,,,,,,,,,,,
,,,,,,,,,,,,,,,,,,,,,,,,,
,,,,,,,,,,,,,,,,,,,,,,,,,
,,,,,,,,,,,,,,,,,,,,,,,,,
,,,,,,,,,,,,,,,,,,,,,,,,,
,,,,,,,,,,,,,,,,,,,,,,,,,
,,,,,,,,,,,,,,,,,,,,,,,,,
,,,,,,,,,,,,,,,,,,,,,,,,,
,,,,,,,,,,,,,,,,,,,,,,,,,
,,,,,,,,,,,,,,,,,,,,,,,,,
,,,,,,,,,,,,,,,,,,,,,,,,,
,,,,,,,,,,,,,,,,,,,,,,,,,
,,,,,,,,,,,,,,,,,,,,,,,,,
,,,,,,,,,,,,,,,,,,,,,,,,,
,,,,,,,,,,,,,,,,,,,,,,,,,
,,,,,,,,,,,,,,,,,,,,,,,,,
,,,,,,,,,,,,,,,,,,,,,,,,,
,,,,,,,,,,,,,,,,,,,,,,,,,
,,,,,,,,,,,,,,,,,,,,,,,,,
,,,,,,,,,,,,,,,,,,,,,,,,,
,,,,,,,,,,,,,,,,,,,,,,,,,
,,,,,,,,,,,,,,,,,,,,,,,,,
,,,,,,,,,,,,,,,,,,,,,,,,,
,,,,,,,,,,,,,,,,,,,,,,,,,
,,,,,,,,,,,,,,,,,,,,,,,,,
,,,,,,,,,,,,,,,,,,,,,,,,,
,,,,,,,,,,,,,,,,,,,,,,,,,
,,,,,,,,,,,,,,,,,,,,,,,,,
,,,,,,,,,,,,,,,,,,,,,,,,,
,,,,,,,,,,,,,,,,,,,,,,,,,
,,,,,,,,,,,,,,,,,,,,,,,,,
,,,,,,,,,,,,,,,,,,,,,,,,,
,,,,,,,,,,,,,,,,,,,,,,,,,
,,,,,,,,,,,,,,,,,,,,,,,,,
,,,,,,,,,,,,,,,,,,,,,,,,,
,,,,,,,,,,,,,,,,,,,,,,,,,
,,,,,,,,,,,,,,,,,,,,,,,,,
,,,,,,,,,,,,,,,,,,,,,,,,,
,,,,,,,,,,,,,,,,,,,,,,,,,
,,,,,,,,,,,,,,,,,,,,,,,,,
,,,,,,,,,,,,,,,,,,,,,,,,,
,,,,,,,,,,,,,,,,,,,,,,,,,
,,,,,,,,,,,,,,,,,,,,,,,,,
,,,,,,,,,,,,,,,,,,,,,,,,,
,,,,,,,,,,,,,,,,,,,,,,,,,
,,,,,,,,,,,,,,,,,,,,,,,,,
,,,,,,,,,,,,,,,,,,,,,,,,,
,,,,,,,,,,,,,,,,,,,,,,,,,
,,,,,,,,,,,,,,,,,,,,,,,,,
,,,,,,,,,,,,,,,,,,,,,,,,,
,,,,,,,,,,,,,,,,,,,,,,,,,
,,,,,,,,,,,,,,,,,,,,,,,,,
,,,,,,,,,,,,,,,,,,,,,,,,,
,,,,,,,,,,,,,,,,,,,,,,,,,
,,,,,,,,,,,,,,,,,,,,,,,,,
,,,,,,,,,,,,,,,,,,,,,,,,,
,,,,,,,,,,,,,,,,,,,,,,,,,
,,,,,,,,,,,,,,,,,,,,,,,,,
,,,,,,,,,,,,,,,,,,,,,,,,,
,,,,,,,,,,,,,,,,,,,,,,,,,
,,,,,,,,,,,,,,,,,,,,,,,,,
,,,,,,,,,,,,,,,,,,,,,,,,,
,,,,,,,,,,,,,,,,,,,,,,,,,
,,,,,,,,,,,,,,,,,,,,,,,,,
,,,,,,,,,,,,,,,,,,,,,,,,,
,,,,,,,,,,,,,,,,,,,,,,,,,
,,,,,,,,,,,,,,,,,,,,,,,,,
,,,,,,,,,,,,,,,,,,,,,,,,,
,,,,,,,,,,,,,,,,,,,,,,,,,
,,,,,,,,,,,,,,,,,,,,,,,,,
,,,,,,,,,,,,,,,,,,,,,,,,,
,,,,,,,,,,,,,,,,,,,,,,,,,
,,,,,,,,,,,,,,,,,,,,,,,,,
,,,,,,,,,,,,,,,,,,,,,,,,,
,,,,,,,,,,,,,,,,,,,,,,,,,
,,,,,,,,,,,,,,,,,,,,,,,,,
,,,,,,,,,,,,,,,,,,,,,,,,,
,,,,,,,,,,,,,,,,,,,,,,,,,
,,,,,,,,,,,,,,,,,,,,,,,,,
,,,,,,,,,,,,,,,,,,,,,,,,,
,,,,,,,,,,,,,,,,,,,,,,,,,
,,,,,,,,,,,,,,,,,,,,,,,,,
,,,,,,,,,,,,,,,,,,,,,,,,,
,,,,,,,,,,,,,,,,,,,,,,,,,
,,,,,,,,,,,,,,,,,,,,,,,,,
,,,,,,,,,,,,,,,,,,,,,,,,,
,,,,,,,,,,,,,,,,,,,,,,,,,
,,,,,,,,,,,,,,,,,,,,,,,,,
,,,,,,,,,,,,,,,,,,,,,,,,,
,,,,,,,,,,,,,,,,,,,,,,,,,
,,,,,,,,,,,,,,,,,,,,,,,,,
,,,,,,,,,,,,,,,,,,,,,,,,,
,,,,,,,,,,,,,,,,,,,,,,,,,
,,,,,,,,,,,,,,,,,,,,,,,,,
,,,,,,,,,,,,,,,,,,,,,,,,,
,,,,,,,,,,,,,,,,,,,,,,,,,
,,,,,,,,,,,,,,,,,,,,,,,,,
,,,,,,,,,,,,,,,,,,,,,,,,,
,,,,,,,,,,,,,,,,,,,,,,,,,
,,,,,,,,,,,,,,,,,,,,,,,,,
,,,,,,,,,,,,,,,,,,,,,,,,,
,,,,,,,,,,,,,,,,,,,,,,,,,
,,,,,,,,,,,,,,,,,,,,,,,,,
,,,,,,,,,,,,,,,,,,,,,,,,,
,,,,,,,,,,,,,,,,,,,,,,,,,
,,,,,,,,,,,,,,,,,,,,,,,,,
,,,,,,,,,,,,,,,,,,,,,,,,,
,,,,,,,,,,,,,,,,,,,,,,,,,
,,,,,,,,,,,,,,,,,,,,,,,,,
,,,,,,,,,,,,,,,,,,,,,,,,,
,,,,,,,,,,,,,,,,,,,,,,,,,
,,,,,,,,,,,,,,,,,,,,,,,,,
,,,,,,,,,,,,,,,,,,,,,,,,,
,,,,,,,,,,,,,,,,,,,,,,,,,
,,,,,,,,,,,,,,,,,,,,,,,,,
,,,,,,,,,,,,,,,,,,,,,,,,,
,,,,,,,,,,,,,,,,,,,,,,,,,
,,,,,,,,,,,,,,,,,,,,,,,,,
,,,,,,,,,,,,,,,,,,,,,,,,,
,,,,,,,,,,,,,,,,,,,,,,,,,
,,,,,,,,,,,,,,,,,,,,,,,,,
,,,,,,,,,,,,,,,,,,,,,,,,,
,,,,,,,,,,,,,,,,,,,,,,,,,
,,,,,,,,,,,,,,,,,,,,,,,,,
,,,,,,,,,,,,,,,,,,,,,,,,,
,,,,,,,,,,,,,,,,,,,,,,,,,
,,,,,,,,,,,,,,,,,,,,,,,,,
,,,,,,,,,,,,,,,,,,,,,,,,,
,,,,,,,,,,,,,,,,,,,,,,,,,
,,,,,,,,,,,,,,,,,,,,,,,,,
,,,,,,,,,,,,,,,,,,,,,,,,,
,,,,,,,,,,,,,,,,,,,,,,,,,
,,,,,,,,,,,,,,,,,,,,,,,,,
,,,,,,,,,,,,,,,,,,,,,,,,,
,,,,,,,,,,,,,,,,,,,,,,,,,
,,,,,,,,,,,,,,,,,,,,,,,,,
,,,,,,,,,,,,,,,,,,,,,,,,,
,,,,,,,,,,,,,,,,,,,,,,,,,
,,,,,,,,,,,,,,,,,,,,,,,,,
,,,,,,,,,,,,,,,,,,,,,,,,,
,,,,,,,,,,,,,,,,,,,,,,,,,
,,,,,,,,,,,,,,,,,,,,,,,,,
,,,,,,,,,,,,,,,,,,,,,,,,,
,,,,,,,,,,,,,,,,,,,,,,,,,
,,,,,,,,,,,,,,,,,,,,,,,,,
,,,,,,,,,,,,,,,,,,,,,,,,,
,,,,,,,,,,,,,,,,,,,,,,,,,
,,,,,,,,,,,,,,,,,,,,,,,,,
,,,,,,,,,,,,,,,,,,,,,,,,,
,,,,,,,,,,,,,,,,,,,,,,,,,
,,,,,,,,,,,,,,,,,,,,,,,,,
,,,,,,,,,,,,,,,,,,,,,,,,,
,,,,,,,,,,,,,,,,,,,,,,,,,
,,,,,,,,,,,,,,,,,,,,,,,,,
,,,,,,,,,,,,,,,,,,,,,,,,,
,,,,,,,,,,,,,,,,,,,,,,,,,
,,,,,,,,,,,,,,,,,,,,,,,,,
,,,,,,,,,,,,,,,,,,,,,,,,,
,,,,,,,,,,,,,,,,,,,,,,,,,
,,,,,,,,,,,,,,,,,,,,,,,,,
,,,,,,,,,,,,,,,,,,,,,,,,,
,,,,,,,,,,,,,,,,,,,,,,,,,
,,,,,,,,,,,,,,,,,,,,,,,,,
,,,,,,,,,,,,,,,,,,,,,,,,,
,,,,,,,,,,,,,,,,,,,,,,,,,
,,,,,,,,,,,,,,,,,,,,,,,,,
,,,,,,,,,,,,,,,,,,,,,,,,,
,,,,,,,,,,,,,,,,,,,,,,,,,
,,,,,,,,,,,,,,,,,,,,,,,,,
,,,,,,,,,,,,,,,,,,,,,,,,,
,,,,,,,,,,,,,,,,,,,,,,,,,
,,,,,,,,,,,,,,,,,,,,,,,,,
,,,,,,,,,,,,,,,,,,,,,,,,,
,,,,,,,,,,,,,,,,,,,,,,,,,
,,,,,,,,,,,,,,,,,,,,,,,,,
,,,,,,,,,,,,,,,,,,,,,,,,,
,,,,,,,,,,,,,,,,,,,,,,,,,
,,,,,,,,,,,,,,,,,,,,,,,,,
,,,,,,,,,,,,,,,,,,,,,,,,,
,,,,,,,,,,,,,,,,,,,,,,,,,
,,,,,,,,,,,,,,,,,,,,,,,,,
,,,,,,,,,,,,,,,,,,,,,,,,,
,,,,,,,,,,,,,,,,,,,,,,,,,
,,,,,,,,,,,,,,,,,,,,,,,,,
,,,,,,,,,,,,,,,,,,,,,,,,,
,,,,,,,,,,,,,,,,,,,,,,,,,
,,,,,,,,,,,,,,,,,,,,,,,,,
,,,,,,,,,,,,,,,,,,,,,,,,,
,,,,,,,,,,,,,,,,,,,,,,,,,
